experiment_id,execution_mode,dataset,model,mitigation,seed,is_synthetic_benchmark,baseline_accuracy,mitigated_accuracy,delta_accuracy,baseline_f1,mitigated_f1,delta_f1,baseline_roc_auc,mitigated_roc_auc,baseline_dpd,mitigated_dpd,delta_dpd,baseline_eod,mitigated_eod,delta_eod,baseline_di,mitigated_di,cosine_similarity,spearman_rank_correlation,l1_attribution_difference,l2_attribution_difference
adult__logistic_regression__correlation_remover__seed123__c9a87169,FINAL_EMPIRICAL_RUN,adult,logistic_regression,correlation_remover,123,False,0.8498,0.8437,-0.0061,0.651,0.624,-0.027,0.9041,0.8797,0.1895,0.1073,-0.0822,0.1326,0.1148,-0.0178,0.2531,0.4938,0.924666,0.953172,0.039078,0.614866
adult__logistic_regression__correlation_remover__seed42__3e772ca6,FINAL_EMPIRICAL_RUN,adult,logistic_regression,correlation_remover,42,False,0.8537,0.8488,-0.0049,0.6618,0.6358,-0.026,0.9058,0.8866,0.177,0.0829,-0.0941,0.1086,0.1638,0.0552,0.2955,0.5917,0.972741,0.914153,0.034803,0.473389
adult__logistic_regression__correlation_remover__seed456__b33525c4,FINAL_EMPIRICAL_RUN,adult,logistic_regression,correlation_remover,456,False,0.8449,0.8399,-0.005,0.6433,0.6193,-0.024,0.9041,0.8815,0.1834,0.0981,-0.0853,0.1142,0.0921,-0.0221,0.2862,0.5416,0.912942,0.910897,0.036297,0.524493
adult__logistic_regression__threshold_optimizer__seed123__021be82b,FINAL_EMPIRICAL_RUN,adult,logistic_regression,threshold_optimizer,123,False,0.8498,0.8363,-0.0135,0.651,0.5961,-0.0549,0.9041,,0.1895,0.0205,-0.169,0.1326,0.3201,0.1875,0.2531,0.8811,1.0,1.0,0.0,0.0
adult__logistic_regression__threshold_optimizer__seed42__adca6fc8,FINAL_EMPIRICAL_RUN,adult,logistic_regression,threshold_optimizer,42,False,0.8537,0.8374,-0.0163,0.6618,0.5708,-0.091,0.9058,,0.177,0.0,-0.177,0.1086,0.3239,0.2153,0.2955,1.0001,1.0,1.0,0.0,0.0
adult__logistic_regression__threshold_optimizer__seed456__90c16eda,FINAL_EMPIRICAL_RUN,adult,logistic_regression,threshold_optimizer,456,False,0.8449,0.8308,-0.0141,0.6433,0.585,-0.0583,0.9041,,0.1834,0.0013,-0.1821,0.1142,0.315,0.2008,0.2862,0.9923,1.0,1.0,0.0,0.0
adult__random_forest__correlation_remover__seed123__817dbb0b,FINAL_EMPIRICAL_RUN,adult,random_forest,correlation_remover,123,False,0.8604,0.8592,-0.0012,0.6522,0.6515,-0.0007,0.9119,0.9109,0.1571,0.1606,0.0035,0.1058,0.1159,0.0101,0.2666,0.2623,0.992799,0.87232,0.001019,0.014812
adult__random_forest__correlation_remover__seed42__96b67712,FINAL_EMPIRICAL_RUN,adult,random_forest,correlation_remover,42,False,0.8625,0.8637,0.0012,0.6632,0.6653,0.0021,0.9139,0.9127,0.1538,0.1508,-0.003,0.0826,0.0773,-0.0053,0.2987,0.3068,0.972562,0.846236,0.001915,0.031443
adult__random_forest__correlation_remover__seed456__03e61eb0,FINAL_EMPIRICAL_RUN,adult,random_forest,correlation_remover,456,False,0.8568,0.856,-0.0008,0.6486,0.6467,-0.0019,0.9119,0.9124,0.1626,0.1547,-0.0079,0.1273,0.0953,-0.032,0.2699,0.2979,0.979023,0.847737,0.001451,0.021192
adult__random_forest__threshold_optimizer__seed123__f2260c85,FINAL_EMPIRICAL_RUN,adult,random_forest,threshold_optimizer,123,False,0.8604,0.8447,-0.0157,0.6522,0.6121,-0.0401,0.9119,,0.1571,0.0146,-0.1425,0.1058,0.2975,0.1917,0.2666,0.9122,1.0,1.0,0.0,0.0
adult__random_forest__threshold_optimizer__seed42__c3711d22,FINAL_EMPIRICAL_RUN,adult,random_forest,threshold_optimizer,42,False,0.8625,0.8487,-0.0138,0.6632,0.6243,-0.0389,0.9139,,0.1538,0.0041,-0.1497,0.0826,0.3033,0.2207,0.2987,0.9753,1.0,1.0,0.0,0.0
adult__random_forest__threshold_optimizer__seed456__96b73ae1,FINAL_EMPIRICAL_RUN,adult,random_forest,threshold_optimizer,456,False,0.8568,0.8384,-0.0184,0.6486,0.5817,-0.0669,0.9119,,0.1626,0.0032,-0.1594,0.1273,0.3047,0.1774,0.2699,0.9782,1.0,1.0,0.0,0.0
compas__logistic_regression__correlation_remover__seed123__551690cc,FINAL_EMPIRICAL_RUN,compas,logistic_regression,correlation_remover,123,False,0.6856,0.6847,-0.0009,0.6483,0.6431,-0.0052,0.748,0.7274,0.3617,0.0938,-0.2679,0.3786,0.176,-0.2026,2.7543,0.8001,0.999209,0.880952,0.011669,0.045625
compas__logistic_regression__correlation_remover__seed42__6a1a53f7,FINAL_EMPIRICAL_RUN,compas,logistic_regression,correlation_remover,42,False,0.6733,0.642,-0.0313,0.6278,0.5846,-0.0432,0.7195,0.7025,0.2868,0.0713,-0.2155,0.3558,0.135,-0.2208,2.2416,0.8362,0.999878,0.857143,0.006048,0.025521
compas__logistic_regression__correlation_remover__seed456__58e2fdda,FINAL_EMPIRICAL_RUN,compas,logistic_regression,correlation_remover,456,False,0.6723,0.6326,-0.0397,0.6418,0.5916,-0.0502,0.709,0.6921,0.3643,0.1188,-0.2455,0.3339,0.1772,-0.1567,2.5848,0.7618,0.997477,0.809524,0.012313,0.048514
compas__logistic_regression__threshold_optimizer__seed123__bc5d7475,FINAL_EMPIRICAL_RUN,compas,logistic_regression,threshold_optimizer,123,False,0.6856,0.6818,-0.0038,0.6483,0.6706,0.0223,0.748,,0.3617,0.0355,-0.3262,0.3786,0.1234,-0.2552,2.7543,0.9313,1.0,1.0,0.0,0.0
compas__logistic_regression__threshold_optimizer__seed42__f08cbf8f,FINAL_EMPIRICAL_RUN,compas,logistic_regression,threshold_optimizer,42,False,0.6733,0.6572,-0.0161,0.6278,0.6091,-0.0187,0.7195,,0.2868,0.0214,-0.2654,0.3558,0.055,-0.3008,2.2416,1.0543,1.0,1.0,0.0,0.0
compas__logistic_regression__threshold_optimizer__seed456__d2ac04f4,FINAL_EMPIRICAL_RUN,compas,logistic_regression,threshold_optimizer,456,False,0.6723,0.6544,-0.0179,0.6418,0.6186,-0.0232,0.709,,0.3643,0.0215,-0.3428,0.3339,0.031,-0.3029,2.5848,1.0507,1.0,1.0,0.0,0.0
compas__random_forest__correlation_remover__seed123__ec4d3659,FINAL_EMPIRICAL_RUN,compas,random_forest,correlation_remover,123,False,0.6572,0.6553,-0.0019,0.6291,0.6232,-0.0059,0.7098,0.7134,0.2898,0.2898,0.0,0.335,0.3453,0.0103,2.0363,2.0727,0.951378,0.886243,0.015825,0.066547
compas__random_forest__correlation_remover__seed42__bfbd0342,FINAL_EMPIRICAL_RUN,compas,random_forest,correlation_remover,42,False,0.6477,0.642,-0.0057,0.6051,0.5962,-0.0089,0.6939,0.6928,0.2379,0.2207,-0.0172,0.283,0.265,-0.018,1.8646,1.7878,0.951207,0.395217,0.013895,0.057602
compas__random_forest__correlation_remover__seed456__c9644d7e,FINAL_EMPIRICAL_RUN,compas,random_forest,correlation_remover,456,False,0.642,0.6411,-0.0009,0.6071,0.6081,0.001,0.6656,0.6724,0.2289,0.2291,0.0002,0.2105,0.208,-0.0025,1.7486,1.7382,0.899022,0.89822,0.020182,0.089335
compas__random_forest__threshold_optimizer__seed123__1dfb0b80,FINAL_EMPIRICAL_RUN,compas,random_forest,threshold_optimizer,123,False,0.6572,0.6515,-0.0057,0.6291,0.5929,-0.0362,0.7098,,0.2898,0.046,-0.2438,0.335,0.062,-0.273,2.0363,1.1285,1.0,1.0,0.0,0.0
compas__random_forest__threshold_optimizer__seed42__ccfc4f9c,FINAL_EMPIRICAL_RUN,compas,random_forest,threshold_optimizer,42,False,0.6477,0.642,-0.0057,0.6051,0.5753,-0.0298,0.6939,,0.2379,0.0299,-0.208,0.283,0.0957,-0.1873,1.8646,1.0844,1.0,1.0,0.0,0.0
compas__random_forest__threshold_optimizer__seed456__7b502b89,FINAL_EMPIRICAL_RUN,compas,random_forest,threshold_optimizer,456,False,0.642,0.625,-0.017,0.6071,0.5648,-0.0423,0.6656,,0.2289,0.0044,-0.2245,0.2105,0.0432,-0.1673,1.7486,1.0113,1.0,1.0,0.0,0.0
german__logistic_regression__correlation_remover__seed123__3f4c1ddd,FINAL_EMPIRICAL_RUN,german,logistic_regression,correlation_remover,123,False,0.73,0.76,0.03,0.8188,0.8421,0.0233,0.7608,0.7561,0.2859,0.1179,-0.168,0.3144,0.3142,-0.0002,0.6602,1.1476,0.99984,0.998246,0.003534,0.021443
german__logistic_regression__correlation_remover__seed42__b775fadd,FINAL_EMPIRICAL_RUN,german,logistic_regression,correlation_remover,42,False,0.74,0.735,-0.005,0.8278,0.8262,-0.0016,0.7767,0.7574,0.0191,0.0691,0.05,0.1818,0.3068,0.125,0.9765,1.085,0.992551,0.929825,0.011302,0.104403
german__logistic_regression__correlation_remover__seed456__e69a9374,FINAL_EMPIRICAL_RUN,german,logistic_regression,correlation_remover,456,False,0.725,0.735,0.01,0.8123,0.8191,0.0068,0.772,0.755,0.1005,0.1071,0.0066,0.1307,0.3781,0.2474,0.871,1.1429,0.999076,0.980702,0.004936,0.040076
german__logistic_regression__threshold_optimizer__seed123__fa833062,FINAL_EMPIRICAL_RUN,german,logistic_regression,threshold_optimizer,123,False,0.73,0.755,0.025,0.8188,0.8361,0.0173,0.7608,,0.2859,0.0467,-0.2392,0.3144,0.2586,-0.0558,0.6602,1.0594,1.0,1.0,0.0,0.0
german__logistic_regression__threshold_optimizer__seed42__fab04982,FINAL_EMPIRICAL_RUN,german,logistic_regression,threshold_optimizer,42,False,0.74,0.74,0.0,0.8278,0.8301,0.0023,0.7767,,0.0191,0.0787,0.0596,0.1818,0.0847,-0.0971,0.9765,0.9067,1.0,1.0,0.0,0.0
german__logistic_regression__threshold_optimizer__seed456__37498e86,FINAL_EMPIRICAL_RUN,german,logistic_regression,threshold_optimizer,456,False,0.725,0.715,-0.01,0.8123,0.8119,-0.0004,0.772,,0.1005,0.049,-0.0515,0.1307,0.3273,0.1966,0.871,1.0606,1.0,1.0,0.0,0.0
german__random_forest__correlation_remover__seed123__9b5a5fb2,FINAL_EMPIRICAL_RUN,german,random_forest,correlation_remover,123,False,0.725,0.74,0.015,0.8208,0.8278,0.007,0.7065,0.7176,0.2053,0.1409,-0.0644,0.2445,0.1839,-0.0606,0.7646,0.8313,0.993508,0.921457,0.0026,0.014657
german__random_forest__correlation_remover__seed42__ad818d3d,FINAL_EMPIRICAL_RUN,german,random_forest,correlation_remover,42,False,0.73,0.72,-0.01,0.8224,0.8158,-0.0066,0.7669,0.7529,0.1021,0.0043,-0.0978,0.0683,0.0674,-0.0009,0.8781,1.0052,0.989231,0.929355,0.003204,0.018405
german__random_forest__correlation_remover__seed456__a8033e48,FINAL_EMPIRICAL_RUN,german,random_forest,correlation_remover,456,False,0.745,0.745,0.0,0.8259,0.8271,0.0012,0.7823,0.7777,0.2666,0.1537,-0.1129,0.2881,0.1547,-0.1334,0.6677,0.8071,0.98757,0.931988,0.002936,0.019601
german__random_forest__threshold_optimizer__seed123__54fb0237,FINAL_EMPIRICAL_RUN,german,random_forest,threshold_optimizer,123,False,0.725,0.705,-0.02,0.8208,0.7973,-0.0235,0.7065,,0.2053,0.1972,-0.0081,0.2445,0.4337,0.1892,0.7646,1.274,1.0,1.0,0.0,0.0
german__random_forest__threshold_optimizer__seed42__d9cb6e82,FINAL_EMPIRICAL_RUN,german,random_forest,threshold_optimizer,42,False,0.73,0.725,-0.005,0.8224,0.8097,-0.0127,0.7669,,0.1021,0.0592,-0.0429,0.0683,0.2955,0.2272,0.8781,1.0805,1.0,1.0,0.0,0.0
german__random_forest__threshold_optimizer__seed456__351a3b1c,FINAL_EMPIRICAL_RUN,german,random_forest,threshold_optimizer,456,False,0.745,0.735,-0.01,0.8259,0.8307,0.0048,0.7823,,0.2666,0.0324,-0.2342,0.2881,0.1653,-0.1228,0.6677,1.0376,1.0,1.0,0.0,0.0
